id,query,timestamp,factual_score,total_sources,citation_accuracy,claim_details,contradicting_claims,verified_claims,unverified_claims,source_credibility_score,fact_check_coverage
1,Sclerocarya birrea,2025-02-03T20:54:30.618891,0.0,0,0.0,[],0,0,0,0.0,0.0
2,Sclerocarya birrea,2025-02-03T21:49:14.017269,0.0,0,0.0,[],0,0,0,0.0,0.0
3,sea weed,2025-02-03T22:02:35.684701,0.0,0,0.0,[],0,0,0,0.0,0.0
4,sea weed,2025-02-04T08:03:01.399787,0.0,0,0.0,[],0,0,0,0.0,0.0
5,Sclerocarya birrea,2025-02-04T16:51:52.840917,0.0,0,0.0,[],0,0,0,0.0,0.0
6,sea weed,2025-02-04T16:57:15.320093,0.0,0,0.0,[],0,0,0,0.0,0.0
7,sea weed,2025-02-04T17:02:39.750560,0.0,0,0.0,[],0,0,0,0.0,0.0
8,Sclerocarya birrea,2025-02-04T18:19:01.525661,0.0,0,0.0,[],0,0,0,0.0,0.0
9,Sclerocarya birrea,2025-02-05T10:51:00.209260,0.10965982275276306,7,0.0,"[{""claim"": ""Here is a comprehensive summary of the search results grouped by themes related to Sclerocarya birrea:"", ""score"": 0.03930104697682116, ""best_source"": ""https://www.frontiersin.org/journals/chemistry/articles/10.3389/fchem.2021.670530/full""}, {""claim"": ""\""Preliminary nutritional analysis of marula (Sclerocarya birrea) fruits from two Kenyan provenances\"" (May 22, 2024)"", ""score"": 0.08304925535402122, ""best_source"": ""https://www.medicalnewstoday.com/articles/marula-oil""}, {""claim"": ""[https://www.cifor-icraf.org/knowledge/publication/26059/]\nThis study analyzes the nutritional content of marula fruits from two Kenyan regions.\n\n*"", ""score"": 0.16679891931174212, ""best_source"": ""https://www.cifor-icraf.org/knowledge/publication/27070/""}, {""claim"": ""\""The future of African wild fruits \u2013 a drive towards responsible production and consumption of the marula fruit\"" (Jun 25, 2024)"", ""score"": 0.24533587685640235, ""best_source"": ""https://www.frontiersin.org/journals/sustainable-food-systems/articles/10.3389/fsufs.2023.1294437/full""}, {""claim"": ""[https://www.frontiersin.org/journals/sustainable-food-systems/articles/10.3389/fsufs.2023.1294437/full]\nThis article explores the potential of African wild fruits, including marula, for sustainable development."", ""score"": 0.12842955394889033, ""best_source"": ""https://www.frontiersin.org/journals/sustainable-food-systems/articles/10.3389/fsufs.2023.1294437/full""}, {""claim"": ""\""Determination of Phenolics and Flavoids of Some Useful Medicinal Plants and Bioassay-Guided Fractionation Substances of Sclerocarya birrea (A. Rich) Hochst Stem (Bark) Extract and Their Efficacy Against Salmonella typhi\"" (Jun 26, 2024)"", ""score"": 0.021978836332802718, ""best_source"": ""https://www.goodhousekeeping.com/uk/beauty/skincare/a33793243/marula-oil/""}, {""claim"": ""[https://www.frontiersin.org/journals/chemistry/articles/10.3389/fchem.2021.670530/full]\nThis study examines the medicinal properties of Sclerocarya birrea bark extract and its efficacy against Salmonella typhi."", ""score"": 0.017217299425470456, ""best_source"": ""https://www.medicalnewstoday.com/articles/marula-oil""}, {""claim"": ""\""Safety and efficacy of Sclerocarya birrea (A.Rich.)"", ""score"": 0.03495359041561809, ""best_source"": ""https://www.goodhousekeeping.com/uk/beauty/skincare/a33793243/marula-oil/""}, {""claim"": ""Hochst (Marula) oil: A clinical perspective\"" (Dec 24, 2015)"", ""score"": 0.2938035767305167, ""best_source"": ""https://www.medicalnewstoday.com/articles/marula-oil""}, {""claim"": ""[https://www.sciencedirect.com/science/article/pii/S0378874115301963]\nThis article reviews the safety and efficacy of Marula oil in clinical settings."", ""score"": 0.19135896151523354, ""best_source"": ""https://www.medicalnewstoday.com/articles/marula-oil""}, {""claim"": ""* \""Marula oil: Benefits, side effects, and how to use it\"" (Apr 11, 2022)"", ""score"": 0.36100405015734005, ""best_source"": ""https://www.medicalnewstoday.com/articles/marula-oil""}, {""claim"": ""[https://www.medicalnewstoday.com/articles/marula-oil]\nThis article provides an overview of the benefits and side effects of Marula oil for health and beauty."", ""score"": 0.4087679805207699, ""best_source"": ""https://www.medicalnewstoday.com/articles/marula-oil""}, {""claim"": ""\""Severe simulated herbivory constrains Sclerocarya birrea saplings regardless of resource availability\"" (Dec 2, 2020)"", ""score"": 0.0337914049066477, ""best_source"": ""https://www.frontiersin.org/journals/chemistry/articles/10.3389/fchem.2021.670530/full""}, {""claim"": ""[https://onlinelibrary.wiley.com/doi/abs/10.1111/aec.12983]\nThis study investigates the impact of herbivory on Sclerocarya birrea saplings.\n\n*"", ""score"": 0.021518906078369475, ""best_source"": ""https://www.cifor-icraf.org/knowledge/publication/26059/""}, {""claim"": ""\""Ecology and biology of Uapaca kirkiana, Strychnos cocculoides and Sclerocarya birrea in Southern Africa\"" (Aug 31, 2024)"", ""score"": 0.01231420841640873, ""best_source"": ""https://www.cifor-icraf.org/knowledge/publication/27070/""}, {""claim"": ""[https://www.cifor-icraf.org/knowledge/publication/27070/]\nThis study examines the ecology and biology of Sclerocarya birrea and other tree species in Southern Africa."", ""score"": 0.1839368432165991, ""best_source"": ""https://www.cifor-icraf.org/knowledge/publication/27070/""}, {""claim"": ""\""Mangarri Man: the mighty marula tree could flourish in Australia's top end\"" (Aug 8, 2024)"", ""score"": 0.08956047946001872, ""best_source"": ""https://www.medicalnewstoday.com/articles/marula-oil""}, {""claim"": ""[https://nit.com.au/08-08-2024/12979/mangarri-man-the-mighty-marula-tree-could-flourish-in-australias-top-end]\nThis article explores the potential for cultivating Marula trees in Australia."", ""score"": 0.1133448526711793, ""best_source"": ""https://www.medicalnewstoday.com/articles/marula-oil""}, {""claim"": ""\""Meet the wonder oil for your skin and hair\"" (3 weeks ago)"", ""score"": 0.2481682637162118, ""best_source"": ""https://www.goodhousekeeping.com/uk/beauty/skincare/a33793243/marula-oil/""}, {""claim"": ""[https://www.goodhousekeeping.com/uk/beauty/skincare/a33793243/marula-oil/]\nThis article highlights the benefits of Marula oil for skin and hair care."", ""score"": 0.42764831506536527, ""best_source"": ""https://www.medicalnewstoday.com/articles/marula-oil""}, {""claim"": ""Note: One search result, \""High yielders take a greater share in record January for CEEMEA bond issuance\"" (18 hours ago), is unrelated to Sclerocarya birrea and has been excluded from the summary."", ""score"": 0.16751246150646376, ""best_source"": ""https://www.globalcapital.com/article/2edj62kwogsh1wcqviebk/primary-market-monitor/high-yielders-take-a-greater-share-in-record-january-for-ceemea""}]",21,0,21,0.15665688964680438,0.0
10,Sclerocarya birrea,2025-02-05T10:53:38.936081,0.0906717813301213,7,0.0,"[{""claim"": ""Here is a comprehensive summary of the search results grouped by themes:\n\n**Nutrition and Food**\n\n*"", ""score"": 0.04183711217318288, ""best_source"": ""https://www.frontiersin.org/journals/chemistry/articles/10.3389/fchem.2021.670530/full""}, {""claim"": ""\""Preliminary nutritional analysis of marula (Sclerocarya birrea) fruits from two Kenyan provenances\"" (May 22, 2024)"", ""score"": 0.08304925535402122, ""best_source"": ""https://www.medicalnewstoday.com/articles/marula-oil""}, {""claim"": ""\""The future of African wild fruits \u2013 a drive towards responsible production and consumption of the marula fruit\"" (Jun 25, 2024)"", ""score"": 0.24533587685640235, ""best_source"": ""https://www.frontiersin.org/journals/sustainable-food-systems/articles/10.3389/fsufs.2023.1294437/full""}, {""claim"": ""\""Meet the wonder oil for your skin and hair\"" (3 weeks ago)"", ""score"": 0.2481682637162118, ""best_source"": ""https://www.goodhousekeeping.com/uk/beauty/skincare/a33793243/marula-oil/""}, {""claim"": ""\""Marula oil: Benefits, side effects, and how to use it\"" (Apr 11, 2022)"", ""score"": 0.36100405015734005, ""best_source"": ""https://www.medicalnewstoday.com/articles/marula-oil""}, {""claim"": ""\""Determination of Phenolics and Flavonoids of Some Useful Medicinal Plants and Bioassay-Guided Fractionation Substances of Sclerocarya birrea (A. Rich) Hochst Stem (Bark) Extract and Their Efficacy Against Salmonella typhi\"" (Jun 26, 2024)"", ""score"": 0.021978836332802718, ""best_source"": ""https://www.goodhousekeeping.com/uk/beauty/skincare/a33793243/marula-oil/""}, {""claim"": ""\""Safety and efficacy of Sclerocarya birrea (A.Rich.)"", ""score"": 0.03495359041561809, ""best_source"": ""https://www.goodhousekeeping.com/uk/beauty/skincare/a33793243/marula-oil/""}, {""claim"": ""Hochst (Marula) oil: A clinical perspective\"" (Dec 24, 2015)"", ""score"": 0.2938035767305167, ""best_source"": ""https://www.medicalnewstoday.com/articles/marula-oil""}, {""claim"": ""\""Ecology and biology of Uapaca kirkiana, Strychnos cocculoides and Sclerocarya birrea in Southern Africa\"" (Aug 31, 2024)"", ""score"": 0.03843043009017283, ""best_source"": ""https://www.givaudan.com/fragrance-beauty/active-beauty/products/marula-oil""}, {""claim"": ""\""Severe simulated herbivory constrains Sclerocarya birrea saplings regardless of resource availability\"" (Dec 2, 2020)"", ""score"": 0.0337914049066477, ""best_source"": ""https://www.frontiersin.org/journals/chemistry/articles/10.3389/fchem.2021.670530/full""}, {""claim"": ""\""Mangarri Man: the mighty marula tree could flourish in Australia's top end\"" (Aug 8, 2024)"", ""score"": 0.08956047946001872, ""best_source"": ""https://www.medicalnewstoday.com/articles/marula-oil""}, {""claim"": ""[https://nit.com.au/08-08-2024/12979/mangarri-man-the-mighty-marula-tree-could-flourish-in-australias-top-end]\n\nNote: The dates are based on the provided search results and may not reflect the original publication dates."", ""score"": 0.062460518037715504, ""best_source"": ""https://www.frontiersin.org/journals/sustainable-food-systems/articles/10.3389/fsufs.2023.1294437/full""}]",12,0,12,0.12953111618588756,0.0
11,Sclerocarya birrea,2025-02-05T10:58:34.931018,0.08390408236964453,7,0.0,"[{""claim"": ""Here is a comprehensive summary of the search results grouped by themes related to 'Sclerocarya birrea':\n\n**Nutrition and Food**\n\n*"", ""score"": 0.03536301593108156, ""best_source"": ""https://www.frontiersin.org/journals/chemistry/articles/10.3389/fchem.2021.670530/full""}, {""claim"": ""Preliminary nutritional analysis of marula (Sclerocarya birrea) fruits from two Kenyan provenances (May 22, 2024)"", ""score"": 0.08304925535402122, ""best_source"": ""https://www.medicalnewstoday.com/articles/marula-oil""}, {""claim"": ""The future of African wild fruits \u2013 a drive towards responsible production and consumption of the marula fruit (Jun 25, 2024)"", ""score"": 0.24533587685640235, ""best_source"": ""https://www.frontiersin.org/journals/sustainable-food-systems/articles/10.3389/fsufs.2023.1294437/full""}, {""claim"": ""[https://www.frontiersin.org/journals/sustainable-food-systems/articles/10.3389/fsufs.2023.1294437/full]\n\n**Medicinal and Skincare Properties**\n\n*"", ""score"": 0.031391306040066375, ""best_source"": ""https://www.frontiersin.org/journals/sustainable-food-systems/articles/10.3389/fsufs.2023.1294437/full""}, {""claim"": ""Marula oil: Benefits, side effects, and how to use it (Apr 11, 2022)"", ""score"": 0.36100405015734005, ""best_source"": ""https://www.medicalnewstoday.com/articles/marula-oil""}, {""claim"": ""Safety and efficacy of Sclerocarya birrea (A.Rich.)"", ""score"": 0.03495359041561809, ""best_source"": ""https://www.goodhousekeeping.com/uk/beauty/skincare/a33793243/marula-oil/""}, {""claim"": ""Hochst (Marula) oil: A clinical perspective (Dec 24, 2015)"", ""score"": 0.2938035767305167, ""best_source"": ""https://www.medicalnewstoday.com/articles/marula-oil""}, {""claim"": ""[https://www.sciencedirect.com/science/article/pii/S0378874115301963]\n* Determination of Phenolics and Flavoids of Some Useful Medicinal Plants and Bioassay-Guided Fractionation Substances of Sclerocarya birrea (A. Rich) Hochst Stem (Bark) Extract and Their Efficacy Against Salmonella typhi (Jun 26, 2024)"", ""score"": 0.025918033415238413, ""best_source"": ""https://www.globalcapital.com/article/2edj62kwogsh1wcqviebk/primary-market-monitor/high-yielders-take-a-greater-share-in-record-january-for-ceemea""}, {""claim"": ""Meet the wonder oil for your skin and hair (3 weeks ago)"", ""score"": 0.2481682637162118, ""best_source"": ""https://www.goodhousekeeping.com/uk/beauty/skincare/a33793243/marula-oil/""}, {""claim"": ""Ecology and biology of Uapaca kerkiana, Strychnos cocculoides and Sclerocarya birrea in Southern Africa (Aug 31, 2024)"", ""score"": 0.01231420841640873, ""best_source"": ""https://www.cifor-icraf.org/knowledge/publication/27070/""}, {""claim"": ""Severe simulated herbivory constrains Sclerocarya birrea saplings regardless of resource availability (Dec 2, 2020)"", ""score"": 0.0337914049066477, ""best_source"": ""https://www.frontiersin.org/journals/chemistry/articles/10.3389/fchem.2021.670530/full""}, {""claim"": ""Mangarri Man: the mighty marula tree could flourish in Australia's top end (Aug 8, 2024)"", ""score"": 0.08956047946001872, ""best_source"": ""https://www.medicalnewstoday.com/articles/marula-oil""}, {""claim"": ""[https://nit.com.au/08-08-2024/12979/mangarri-man-the-mighty-marula-tree-could-flourish-in-australias-top-end]\n\nNote: The search result that doesn't fit into these themes is the first one, which is unrelated to 'Sclerocarya birrea' and appears to be an error."", ""score"": 0.06356561117954077, ""best_source"": ""https://www.frontiersin.org/journals/sustainable-food-systems/articles/10.3389/fsufs.2023.1294437/full""}]",13,0,13,0.11986297481377789,0.0
12,Sclerocarya birrea,2025-02-05T11:00:48.861205,0.10579482001416443,7,0.0,"[{""claim"": ""Here is a comprehensive summary of the search results grouped by themes:\n\n**Nutrition and Health Benefits**\n\n*"", ""score"": 0.03930104697682116, ""best_source"": ""https://www.frontiersin.org/journals/chemistry/articles/10.3389/fchem.2021.670530/full""}, {""claim"": ""**Preliminary nutritional analysis of marula (Sclerocarya birrea) fruits from two Kenyan provenances**"", ""score"": 0.09344433776515568, ""best_source"": ""https://www.medicalnewstoday.com/articles/marula-oil""}, {""claim"": ""[https://www.cifor-icraf.org/knowledge/publication/26059/]\n* **Marula oil: Benefits, side effects, and how to use it** (Apr 11, 2022)"", ""score"": 0.23080970162113784, ""best_source"": ""https://www.medicalnewstoday.com/articles/marula-oil""}, {""claim"": ""[https://www.medicalnewstoday.com/articles/marula-oil]\n* **Determination of Phenolics and Flerovoids of Some Useful Medicinal Plants and Bioassay-Guided Fractionation Substances of Sclerocarya birrea (A. Rich) Hochst Stem (Bark) Extract and Their Efficacy Against Salmonella typhi** (Jun 26, 2024)"", ""score"": 0.14270957984310545, ""best_source"": ""https://www.medicalnewstoday.com/articles/marula-oil""}, {""claim"": ""[https://www.frontiersin.org/journals/chemistry/articles/10.3389/fchem.2021.670530/full]\n\n**Cosmetic and Beauty Applications**\n\n* **"", ""score"": 0.06345936143902162, ""best_source"": ""https://www.givaudan.com/fragrance-beauty/active-beauty/products/marula-oil""}, {""claim"": ""Meet the wonder oil for your skin and hair** (3 weeks ago)"", ""score"": 0.2481682637162118, ""best_source"": ""https://www.goodhousekeeping.com/uk/beauty/skincare/a33793243/marula-oil/""}, {""claim"": ""[https://www.goodhousekeeping.com/uk/beauty/skincare/a33793243/marula-oil/]\n* **Marula oil** (Aug 2, 2023)"", ""score"": 0.38033477495144663, ""best_source"": ""https://www.medicalnewstoday.com/articles/marula-oil""}, {""claim"": ""**The future of African wild fruits \u2013 a drive towards responsible production and consumption of the marula fruit** (Jun 25, 2024)"", ""score"": 0.24533587685640235, ""best_source"": ""https://www.frontiersin.org/journals/sustainable-food-systems/articles/10.3389/fsufs.2023.1294437/full""}, {""claim"": ""[https://www.frontiersin.org/journals/sustainable-food-systems/articles/10.3389/fsufs.2023.1294437/full]\n* **Mangarri Man: the mighty marula tree could flourish in Australia's top end**"", ""score"": 0.08924801157913201, ""best_source"": ""https://www.frontiersin.org/journals/sustainable-food-systems/articles/10.3389/fsufs.2023.1294437/full""}, {""claim"": ""[https://nit.com.au/08-08-2024/12979/mangarri-man-the-mighty-marula-tree-could-flourish-in-australias-top-end]\n* **Ecology and biology of Uapaca kirkiana, Strychnos cocculoides and Sclerocarya birrea in Southern Africa**"", ""score"": 0.05999718822262911, ""best_source"": ""https://www.medicalnewstoday.com/articles/marula-oil""}, {""claim"": ""[https://www.cifor-icraf.org/knowledge/publication/27070/]\n* **Severe simulated herbivory constrains Sclerocarya birrea saplings regardless of resource availability** (Dec 2, 2020)"", ""score"": 0.1588371848737043, ""best_source"": ""https://www.cifor-icraf.org/knowledge/publication/26059/""}, {""claim"": ""[https://onlinelibrary.wiley.com/doi/abs/10.1111/aec.12983]\n\n**Pharmacology and Safety**\n\n* **Safety and efficacy of Sclerocarya birrea (A.Rich.)"", ""score"": 0.018541223303671552, ""best_source"": ""https://www.goodhousekeeping.com/uk/beauty/skincare/a33793243/marula-oil/""}, {""claim"": ""Hochst (Marula) oil: A clinical perspective** (Dec 24, 2015)"", ""score"": 0.2938035767305167, ""best_source"": ""https://www.medicalnewstoday.com/articles/marula-oil""}, {""claim"": ""[https://www.sciencedirect.com/science/article/abs/pii/S0378874115301963]\n\nNote: Some of the dates may not be exact, as the search results only provided relative dates (e.g., \""3 weeks ago\"")."", ""score"": 0.05190627240433229, ""best_source"": ""https://www.frontiersin.org/journals/chemistry/articles/10.3389/fchem.2021.670530/full""}]",14,0,14,0.15113545716309204,0.0
13,Sclerocarya birrea,2025-02-05T11:02:54.787638,0.11068836968588727,7,0.0,"[{""claim"": ""Here is a comprehensive summary of the search results grouped by themes:\n\n**Nutrition and Health**\n\n*"", ""score"": 0.04183711217318288, ""best_source"": ""https://www.frontiersin.org/journals/chemistry/articles/10.3389/fchem.2021.670530/full""}, {""claim"": ""**Preliminary nutritional analysis of marula (Sclerocarya birrea) fruits from two Kenyan provenances**"", ""score"": 0.09344433776515568, ""best_source"": ""https://www.medicalnewstoday.com/articles/marula-oil""}, {""claim"": ""[https://www.cifor-icraf.org/knowledge/publication/26059/]\n* **Marula oil: Benefits, side effects, and how to use it** (Apr 11, 2022)"", ""score"": 0.23080970162113784, ""best_source"": ""https://www.medicalnewstoday.com/articles/marula-oil""}, {""claim"": ""**Meet the wonder oil for your skin and hair** (3 weeks ago)"", ""score"": 0.2481682637162118, ""best_source"": ""https://www.goodhousekeeping.com/uk/beauty/skincare/a33793243/marula-oil/""}, {""claim"": ""[https://www.goodhousekeeping.com/uk/beauty/skincare/a33793243/marula-oil/]\n* **Marula oil** (Aug 2, 2023)"", ""score"": 0.38033477495144663, ""best_source"": ""https://www.medicalnewstoday.com/articles/marula-oil""}, {""claim"": ""[https://www.givaudan.com/fragrance-beauty/active-beauty/products/marula-oil]\n\nThese results focus on the nutritional value and health benefits of marula fruits and oil, including their potential uses for skin and hair care."", ""score"": 0.40133873132578446, ""best_source"": ""https://www.givaudan.com/fragrance-beauty/active-beauty/products/marula-oil""}, {""claim"": ""**Ecology and Biology**\n\n* **Ecology and biology of Uapaca kirkiana, Strychnos cocculoides and Sclerocarya birrea in Southern Africa** (Aug 31, 2024)"", ""score"": 0.031162066267878003, ""best_source"": ""https://www.givaudan.com/fragrance-beauty/active-beauty/products/marula-oil""}, {""claim"": ""[https://www.cifor-icraf.org/knowledge/publication/27070/]\n* **Severe simulated herbivory constrains Sclerocarya birrea saplings regardless of resource availability** (Dec 2, 2020)"", ""score"": 0.1588371848737043, ""best_source"": ""https://www.cifor-icraf.org/knowledge/publication/26059/""}, {""claim"": ""[https://onlinelibrary.wiley.com/doi/abs/10.1111/aec.12983]\n\nThese results explore the ecological and biological aspects of Sclerocarya birrea, including its growth and development in different environments."", ""score"": 0.02471671519571352, ""best_source"": ""https://www.frontiersin.org/journals/chemistry/articles/10.3389/fchem.2021.670530/full""}, {""claim"": ""**Agriculture and Production**\n\n* **The future of African wild fruits \u2013 a drive towards responsible production and consumption of the marula fruit** (Jun 25, 2024)"", ""score"": 0.26159640161872594, ""best_source"": ""https://www.frontiersin.org/journals/sustainable-food-systems/articles/10.3389/fsufs.2023.1294437/full""}, {""claim"": ""[https://www.frontiersin.org/journals/sustainable-food-systems/articles/10.3389/fsufs.2023.1294437/full]\n* **Mangarri Man: the mighty marula tree could flourish in Australia's top end**"", ""score"": 0.08924801157913201, ""best_source"": ""https://www.frontiersin.org/journals/sustainable-food-systems/articles/10.3389/fsufs.2023.1294437/full""}, {""claim"": ""[https://nit.com.au/08-08-2024/12979/mangarri-man-the-mighty-marula-tree-could-flourish-in-australias-top-end]\n\nThese results discuss the potential for cultivating and producing marula fruits and products, including the possibility of introducing the tree to new regions."", ""score"": 0.11435300154700465, ""best_source"": ""https://www.medicalnewstoday.com/articles/marula-oil""}, {""claim"": ""**Pharmacology and Chemistry**\n\n* **Determination of Phenolics and Flavonoids of Some Useful Medicinal Plants and Bioassay-Guided Fractionation Substances of Sclerocarya birrea (A. Rich) Hochst Stem (Bark) Extract and Their Efficacy Against Salmonella typhi** (Jun 26, 2024)"", ""score"": 0.020957779388900498, ""best_source"": ""https://www.goodhousekeeping.com/uk/beauty/skincare/a33793243/marula-oil/""}, {""claim"": ""[https://www.frontiersin.org/journals/chemistry/articles/10.3389/fchem.2021.670530/full]\n* **Safety and efficacy of Sclerocarya birrea (A.Rich.)"", ""score"": 0.022938896592256817, ""best_source"": ""https://www.goodhousekeeping.com/uk/beauty/skincare/a33793243/marula-oil/""}, {""claim"": ""Hochst (Marula) oil: A clinical perspective** (Dec 24, 2015)"", ""score"": 0.2938035767305167, ""best_source"": ""https://www.medicalnewstoday.com/articles/marula-oil""}, {""claim"": ""[https://www.sciencedirect.com/science/article/abs/pii/S0378874115301963]\n\nThese results explore the pharmacological and chemical properties of Sclerocarya birrea, including its potential medicinal uses and the efficacy of its oil."", ""score"": 0.1164733231878145, ""best_source"": ""https://www.medicalnewstoday.com/articles/marula-oil""}]",16,0,16,0.1581262424084104,0.0
14,Sclerocarya birrea,2025-02-05T11:04:35.323342,0.10940990522241584,7,0.0,"[{""claim"": ""Here is a comprehensive summary of the search results grouped by themes related to Sclerocarya birrea (Marula fruit/tree):\n\n**Nutrition and Biochemistry**\n\n*"", ""score"": 0.16006190468496115, ""best_source"": ""https://www.frontiersin.org/journals/sustainable-food-systems/articles/10.3389/fsufs.2023.1294437/full""}, {""claim"": ""\""Preliminary nutritional analysis of marula (Sclerocarya birrea) fruits from two Kenyan provenances\"" (May 22, 2024) - [https://www.cifor-icraf.org/knowledge/publication/26059/](https://www.cifor-icraf.org/knowledge/publication/26059/)\n*"", ""score"": 0.21601628312316828, ""best_source"": ""https://www.cifor-icraf.org/knowledge/publication/26059/""}, {""claim"": ""\""Determination of Phenolics and Flavonoids of Some Useful Medicinal Plants and Bioassay-Guided Fractionation Substances of Sclerocarya birrea (A. Rich) Hochst Stem (Bark) Extract and Their Efficacy Against Salmonella typhi\"" (Jun 26, 2024) -"", ""score"": 0.021978836332802718, ""best_source"": ""https://www.goodhousekeeping.com/uk/beauty/skincare/a33793243/marula-oil/""}, {""claim"": ""\""Meet the wonder oil for your skin and hair\"" (3 weeks ago) - [https://www.goodhousekeeping.com/uk/beauty/skincare/a33793243/marula-oil/](https://www.goodhousekeeping.com/uk/beauty/skincare/a33793243/marula-oil/)\n*"", ""score"": 0.3176312582747396, ""best_source"": ""https://www.goodhousekeeping.com/uk/beauty/skincare/a33793243/marula-oil/""}, {""claim"": ""\""Marula oil: Benefits, side effects, and how to use it\"" (Apr 11, 2022) - [https://www.medicalnewstoday.com/articles/marula-oil](https://www.medicalnewstoday.com/articles/marula-oil)\n*"", ""score"": 0.3937752831333521, ""best_source"": ""https://www.medicalnewstoday.com/articles/marula-oil""}, {""claim"": ""\""Marula oil\"" (Aug 2, 2023) - [https://www.givaudan.com/fragrance-beauty/active-beauty/products/marula-oil](https://www.givaudan.com/fragrance-beauty/active-beauty/products/marula-oil)\n*"", ""score"": 0.37982819542303925, ""best_source"": ""https://www.givaudan.com/fragrance-beauty/active-beauty/products/marula-oil""}, {""claim"": ""\""Safety and efficacy of Sclerocarya birrea (A.Rich.)"", ""score"": 0.03495359041561809, ""best_source"": ""https://www.goodhousekeeping.com/uk/beauty/skincare/a33793243/marula-oil/""}, {""claim"": ""Hochst (Marula) oil: A clinical perspective\"" (Dec 24, 2015) - [https://www.sciencedirect.com/science/article/abs/pii/S0378874115301963](https://www.sciencedirect.com/science/article/abs/pii/S0378874115301963)\n\n**Ecology and Conservation**\n\n*"", ""score"": 0.11949680671598094, ""best_source"": ""https://www.medicalnewstoday.com/articles/marula-oil""}, {""claim"": ""\""The future of African wild fruits \u2013 a drive towards responsible production and consumption of the marula fruit\"" (Jun 25, 2024) -"", ""score"": 0.24533587685640235, ""best_source"": ""https://www.frontiersin.org/journals/sustainable-food-systems/articles/10.3389/fsufs.2023.1294437/full""}, {""claim"": ""\""Ecology and biology of Uapca kirkiana, Strychnos cocculoides and Sclerocarya birrea in Southern Africa\"" (Aug 31, 2024) -"", ""score"": 0.03843043009017283, ""best_source"": ""https://www.givaudan.com/fragrance-beauty/active-beauty/products/marula-oil""}, {""claim"": ""\""Mangarri Man: the mighty marula tree could flourish in Australia's top end\"" (Aug 8, 2024) - [https://nit.com.au/08-08-2024/12979/mangarri-man-the-mighty-marula-tree-could-flourish-in-australias-top-end](https://nit.com.au/08-08-2024/12979/mangarri-man-the-mighty-marula-tree-could-flourish-in-australias-top-end)\n*"", ""score"": 0.07867433023477945, ""best_source"": ""https://www.medicalnewstoday.com/articles/marula-oil""}, {""claim"": ""\""Severe simulated herbivory constrains Sclerocarya birrea saplings regardless of resource availability\"" (Dec 2, 2020) - [https://onlinelibrary.wiley.com/doi/abs/10.1111/aec.12983](https://onlinelibrary.wiley.com/doi/abs/10.1111/aec.12983)"", ""score"": 0.015971404063687206, ""best_source"": ""https://www.frontiersin.org/journals/chemistry/articles/10.3389/fchem.2021.670530/full""}, {""claim"": ""Let me know if you'd like me to summarize any specific aspects further!"", ""score"": 0.009744040496161097, ""best_source"": ""https://www.goodhousekeeping.com/uk/beauty/skincare/a33793243/marula-oil/""}]",13,0,13,0.1562998646034512,0.0
15,Sclerocarya birrea,2025-02-05T11:08:26.404472,0.09183704354767021,7,0.0,"[{""claim"": ""Here is a comprehensive summary of the search results grouped by themes related to Sclerocarya birrea (Marula):\n\n**Research and Analysis**\n\n*"", ""score"": 0.10936762500340208, ""best_source"": ""https://www.medicalnewstoday.com/articles/marula-oil""}, {""claim"": ""\""Preliminary nutritional analysis of marula (Sclerocarya birrea) fruits from two Kenyan provenances\"" (May 22, 2024)"", ""score"": 0.08304925535402122, ""best_source"": ""https://www.medicalnewstoday.com/articles/marula-oil""}, {""claim"": ""\""Determination of Phenolics and Flavonoids of Some Useful Medicinal Plants and Bioassay-Guided Fractionation Substances of Sclerocarya birrea (A. Rich) Hochst Stem (Bark) Extract and Their Efficacy Against Salmonella typhi\"" (Jun 26, 2024)"", ""score"": 0.021978836332802718, ""best_source"": ""https://www.goodhousekeeping.com/uk/beauty/skincare/a33793243/marula-oil/""}, {""claim"": ""\""Ecology and biology of Uapaca kirkiana, Strychnos cocculoides and Sclerocarya birrea in Southern Africa\"" (Aug 31, 2024)"", ""score"": 0.03843043009017283, ""best_source"": ""https://www.givaudan.com/fragrance-beauty/active-beauty/products/marula-oil""}, {""claim"": ""\""Severe simulated herbivory constrains Sclerocarya birrea saplings regardless of resource availability\"" (Dec 2, 2020)"", ""score"": 0.0337914049066477, ""best_source"": ""https://www.frontiersin.org/journals/chemistry/articles/10.3389/fchem.2021.670530/full""}, {""claim"": ""\""Marula oil: Benefits, side effects, and how to use it\"" (Apr 11, 2022)"", ""score"": 0.36100405015734005, ""best_source"": ""https://www.medicalnewstoday.com/articles/marula-oil""}, {""claim"": ""\""Meet the wonder oil for your skin and hair\"" (3 weeks ago)"", ""score"": 0.2481682637162118, ""best_source"": ""https://www.goodhousekeeping.com/uk/beauty/skincare/a33793243/marula-oil/""}, {""claim"": ""\""The future of African wild fruits \u2013 a drive towards responsible production and consumption of the marula fruit\"" (Jun 25, 2024)"", ""score"": 0.24533587685640235, ""best_source"": ""https://www.frontiersin.org/journals/sustainable-food-systems/articles/10.3389/fsufs.2023.1294437/full""}, {""claim"": ""\""Mangarri Man: the mighty marula tree could flourish in Australia's top end\"" (Aug 8, 2024)"", ""score"": 0.08956047946001872, ""best_source"": ""https://www.medicalnewstoday.com/articles/marula-oil""}, {""claim"": ""\""Safety and efficacy of Sclerocarya birrea (A.Rich.)"", ""score"": 0.03495359041561809, ""best_source"": ""https://www.goodhousekeeping.com/uk/beauty/skincare/a33793243/marula-oil/""}, {""claim"": ""Hochst (Marula) oil: A clinical perspective\"" (Dec 24, 2015)"", ""score"": 0.2938035767305167, ""best_source"": ""https://www.medicalnewstoday.com/articles/marula-oil""}, {""claim"": ""[https://www.sciencedirect.com/science/article/abs/pii/S0378874115301963]\n\nLet me know if you'd like me to reorganize the summary in any way!"", ""score"": 0.014905928936906253, ""best_source"": ""https://www.cifor-icraf.org/knowledge/publication/27070/""}]",12,0,12,0.13119577649667172,0.0
16,Sclerocarya birrea,2025-02-05T11:11:40.483776,0.1255254681573439,7,0.0,"[{""claim"": ""Here is a comprehensive summary of the search results grouped by themes:\n\n**Research and Science**\n\n*"", ""score"": 0.05315739940017762, ""best_source"": ""https://www.cifor-icraf.org/knowledge/publication/27070/""}, {""claim"": ""**Preliminary nutritional analysis of marula (Sclerocarya birrea) fruits from two Kenyan provenances**"", ""score"": 0.09344433776515568, ""best_source"": ""https://www.medicalnewstoday.com/articles/marula-oil""}, {""claim"": ""[https://www.cifor-icraf.org/knowledge/publication/26059/]\n* **Determination of Phenolics and Flavonoids of Some Useful Medicinal Plants and Bioassay-Guided Fractionation Substances of Sclerocarya birrea (A. Rich) Hochst Stem (Bark) Extract and Their Efficacy Against Salmonella typhi** (Jun 26, 2024)"", ""score"": 0.12450823571233446, ""best_source"": ""https://www.cifor-icraf.org/knowledge/publication/26059/""}, {""claim"": ""Severe simulated herbivory constrains Sclerocarya birrea saplings regardless of resource availability** (Dec 2, 2020)"", ""score"": 0.0337914049066477, ""best_source"": ""https://www.frontiersin.org/journals/chemistry/articles/10.3389/fchem.2021.670530/full""}, {""claim"": ""[https://onlinelibrary.wiley.com/doi/abs/10.1111/aec.12983]\n* **Ecology and biology of Uapaca kirkiana, Strychnos cocculoides and Sclerocarya birrea in Southern Africa** (Aug 31, 2024)"", ""score"": 0.028117016945460913, ""best_source"": ""https://www.givaudan.com/fragrance-beauty/active-beauty/products/marula-oil""}, {""claim"": ""[https://www.cifor-icraf.org/knowledge/publication/27070/]\n\n**Marula Oil and Beauty**\n\n* **Marula oil: Benefits, side effects, and how to use it** (Apr 11, 2022)"", ""score"": 0.37368761740370376, ""best_source"": ""https://www.medicalnewstoday.com/articles/marula-oil""}, {""claim"": ""**Meet the wonder oil for your skin and hair** (3 weeks ago)"", ""score"": 0.2481682637162118, ""best_source"": ""https://www.goodhousekeeping.com/uk/beauty/skincare/a33793243/marula-oil/""}, {""claim"": ""[https://www.goodhousekeeping.com/uk/beauty/skincare/a33793243/marula-oil/]\n* **Marula oil** (Aug 2, 2023)"", ""score"": 0.38033477495144663, ""best_source"": ""https://www.medicalnewstoday.com/articles/marula-oil""}, {""claim"": ""[https://www.givaudan.com/fragrance-beauty/active-beauty/products/marula-oil]\n* **Safety and efficacy of Sclerocarya birrea (A.Rich.)"", ""score"": 0.30903642998043324, ""best_source"": ""https://www.givaudan.com/fragrance-beauty/active-beauty/products/marula-oil""}, {""claim"": ""Hochst (Marula) oil: A clinical perspective** (Dec 24, 2015)"", ""score"": 0.2938035767305167, ""best_source"": ""https://www.medicalnewstoday.com/articles/marula-oil""}, {""claim"": ""**The future of African wild fruits \u2013 a drive towards responsible production and consumption of the marula fruit** (Jun 25, 2024)"", ""score"": 0.24533587685640235, ""best_source"": ""https://www.frontiersin.org/journals/sustainable-food-systems/articles/10.3389/fsufs.2023.1294437/full""}, {""claim"": ""[https://www.frontiersin.org/journals/sustainable-food-systems/articles/10.3389/fsufs.2023.1294437/full]\n* **Mangarri Man: the mighty marula tree could flourish in Australia's top end**"", ""score"": 0.08924801157913201, ""best_source"": ""https://www.frontiersin.org/journals/sustainable-food-systems/articles/10.3389/fsufs.2023.1294437/full""}, {""claim"": ""[https://nit.com.au/08-08-2024/12979/mangarri-man-the-mighty-marula-tree-could-flourish-in-australias-top-end]\n\nNote: The dates mentioned are the publication dates of the articles, not the dates when the search results were retrieved."", ""score"": 0.058554319831620696, ""best_source"": ""https://www.frontiersin.org/journals/sustainable-food-systems/articles/10.3389/fsufs.2023.1294437/full""}]",13,0,13,0.17932209736763413,0.0
17,Sclerocarya birrea,2025-02-05T11:16:17.659189,0.1252344256180292,7,0.0,"[{""claim"": ""Here is a comprehensive summary of the search results grouped by themes:\n\n**Nutrition and Composition**\n\n*"", ""score"": 0.04183711217318288, ""best_source"": ""https://www.frontiersin.org/journals/chemistry/articles/10.3389/fchem.2021.670530/full""}, {""claim"": ""**Preliminary nutritional analysis of marula (Sclerocarya birrea) fruits from two Kenyan provenances**"", ""score"": 0.09344433776515568, ""best_source"": ""https://www.medicalnewstoday.com/articles/marula-oil""}, {""claim"": ""[https://www.cifor-icraf.org/knowledge/publication/26059/]\n* **Determination of Phenolics and Flavonoids of Some Useful Medicinal Plants and Bioassay-Guided Fractionation Substances of Sclerocarya birrea (A. Rich) Hochst Stem (Bark) Extract and Their Efficacy Against Salmonella typhi** (Jun 26, 2024)"", ""score"": 0.12450823571233446, ""best_source"": ""https://www.cifor-icraf.org/knowledge/publication/26059/""}, {""claim"": ""[https://www.frontiersin.org/journals/chemistry/articles/10.3389/fchem.2021.670530/full]\n\n**Cosmetic and Skincare**\n\n* **"", ""score"": 0.01853124991696118, ""best_source"": ""https://www.goodhousekeeping.com/uk/beauty/skincare/a33793243/marula-oil/""}, {""claim"": ""Meet the wonder oil for your skin and hair** (3 weeks ago)"", ""score"": 0.2481682637162118, ""best_source"": ""https://www.goodhousekeeping.com/uk/beauty/skincare/a33793243/marula-oil/""}, {""claim"": ""[https://www.goodhousekeeping.com/uk/beauty/skincare/a33793243/marula-oil/]\n* **Marula oil: Benefits, side effects, and how to use it** (Apr 11, 2022)"", ""score"": 0.38479933747753886, ""best_source"": ""https://www.medicalnewstoday.com/articles/marula-oil""}, {""claim"": ""[https://www.medicalnewstoday.com/articles/marula-oil]\n* **Marula oil** (Aug 2, 2023)"", ""score"": 0.4288676235846033, ""best_source"": ""https://www.medicalnewstoday.com/articles/marula-oil""}, {""claim"": ""[https://www.givaudan.com/fragrance-beauty/active-beauty/products/marula-oil]\n* **Safety and efficacy of Sclerocarya birrea (A.Rich.)"", ""score"": 0.30903642998043324, ""best_source"": ""https://www.givaudan.com/fragrance-beauty/active-beauty/products/marula-oil""}, {""claim"": ""Hochst (Marula) oil: A clinical perspective** (Dec 24, 2015)"", ""score"": 0.2938035767305167, ""best_source"": ""https://www.medicalnewstoday.com/articles/marula-oil""}, {""claim"": ""[https://www.sciencedirect.com/science/article/abs/pii/S0378874115301963]\n\n**Ecology and Environment**\n\n* **Ecology and biology of Uapaca kirkiana, Strychnos cocculoides and Sclerocarya birrea in Southern Africa** (Aug 31, 2024)"", ""score"": 0.026340776754736853, ""best_source"": ""https://www.givaudan.com/fragrance-beauty/active-beauty/products/marula-oil""}, {""claim"": ""[https://www.cifor-icraf.org/knowledge/publication/27070/]\n* **Severe simulated herbivory constrains Sclerocarya birrea saplings regardless of resource availability** (Dec 2, 2020)"", ""score"": 0.1588371848737043, ""best_source"": ""https://www.cifor-icraf.org/knowledge/publication/26059/""}, {""claim"": ""**Mangarri Man: the mighty marula tree could flourish in Australia's top end**"", ""score"": 0.10153194234950363, ""best_source"": ""https://www.medicalnewstoday.com/articles/marula-oil""}, {""claim"": ""**The future of African wild fruits \u2013 a drive towards responsible production and consumption of the marula fruit** (Jun 25, 2024)"", ""score"": 0.24533587685640235, ""best_source"": ""https://www.frontiersin.org/journals/sustainable-food-systems/articles/10.3389/fsufs.2023.1294437/full""}, {""claim"": ""[https://www.frontiersin.org/journals/sustainable-food-systems/articles/10.3389/fsufs.2023.1294437/full]\n\nLet me know if you'd like me to reorganize or add anything!"", ""score"": 0.029646564469298253, ""best_source"": ""https://www.frontiersin.org/journals/sustainable-food-systems/articles/10.3389/fsufs.2023.1294437/full""}]",14,0,14,0.17890632231147027,0.0
18,Sclerocarya birrea,2025-02-05T11:17:37.282314,0.1202008374253431,7,0.0,"[{""claim"": ""Here is a comprehensive summary of the search results grouped by themes:\n\n**Research and Analysis**\n\n*"", ""score"": 0.04183711217318288, ""best_source"": ""https://www.frontiersin.org/journals/chemistry/articles/10.3389/fchem.2021.670530/full""}, {""claim"": ""**Preliminary nutritional analysis of marula (Sclerocarya birrea) fruits from two Kenyan provenances**"", ""score"": 0.09344433776515568, ""best_source"": ""https://www.medicalnewstoday.com/articles/marula-oil""}, {""claim"": ""[https://www.cifor-icraf.org/knowledge/publication/26059/]\n* **Determination of Phenolics and Flavonoids of Some Useful Medicinal Plants and Bioassay-Guided Fractionation Substances of Sclerocarya birrea (A. Rich) Hochst Stem (Bark) Extract and Their Efficacy Against Salmonella typhi** (Jun 26, 2024)"", ""score"": 0.12450823571233446, ""best_source"": ""https://www.cifor-icraf.org/knowledge/publication/26059/""}, {""claim"": ""Severe simulated herbivory constrains Sclerocarya birrea saplings regardless of resource availability** (Dec 2, 2020)"", ""score"": 0.0337914049066477, ""best_source"": ""https://www.frontiersin.org/journals/chemistry/articles/10.3389/fchem.2021.670530/full""}, {""claim"": ""[https://onlinelibrary.wiley.com/doi/abs/10.1111/aec.12983]\n\n**Product and Industry**\n\n* **Marula oil: Benefits, side effects, and how to use it** (Apr 11, 2022)"", ""score"": 0.20277596026260997, ""best_source"": ""https://www.medicalnewstoday.com/articles/marula-oil""}, {""claim"": ""**Meet the wonder oil for your skin and hair** (3 weeks ago)"", ""score"": 0.2481682637162118, ""best_source"": ""https://www.goodhousekeeping.com/uk/beauty/skincare/a33793243/marula-oil/""}, {""claim"": ""[https://www.goodhousekeeping.com/uk/beauty/skincare/a33793243/marula-oil/]\n* **Marula oil** (Aug 2, 2023)"", ""score"": 0.38033477495144663, ""best_source"": ""https://www.medicalnewstoday.com/articles/marula-oil""}, {""claim"": ""[https://www.givaudan.com/fragrance-beauty/active-beauty/products/marula-oil]\n* **Safety and efficacy of Sclerocarya birrea (A.Rich.)"", ""score"": 0.30903642998043324, ""best_source"": ""https://www.givaudan.com/fragrance-beauty/active-beauty/products/marula-oil""}, {""claim"": ""Hochst (Marula) oil: A clinical perspective** (Dec 24, 2015)"", ""score"": 0.2938035767305167, ""best_source"": ""https://www.medicalnewstoday.com/articles/marula-oil""}, {""claim"": ""**The future of African wild fruits \u2013 a drive towards responsible production and consumption of the marula fruit** (Jun 25, 2024)"", ""score"": 0.24533587685640235, ""best_source"": ""https://www.frontiersin.org/journals/sustainable-food-systems/articles/10.3389/fsufs.2023.1294437/full""}, {""claim"": ""[https://www.frontiersin.org/journals/sustainable-food-systems/articles/10.3389/fsufs.2023.1294437/full]\n* **Ecology and biology of Uapaca kirkiana, Strychnos cocculoides and Sclerocarya birrea in Southern Africa** (Aug 31, 2024)"", ""score"": 0.02581951234227805, ""best_source"": ""https://www.givaudan.com/fragrance-beauty/active-beauty/products/marula-oil""}, {""claim"": ""[https://www.cifor-icraf.org/knowledge/publication/27070/]\n* **Mangarri Man: the mighty marula tree could flourish in Australia's top end**"", ""score"": 0.16679891931174212, ""best_source"": ""https://www.cifor-icraf.org/knowledge/publication/27070/""}, {""claim"": ""[https://nit.com.au/08-08-2024/12979/mangarri-man-the-mighty-marula-tree-could-flourish-in-australias-top-end]\n\nLet me know if you need further assistance!"", ""score"": 0.06664686176169642, ""best_source"": ""https://www.goodhousekeeping.com/uk/beauty/skincare/a33793243/marula-oil/""}]",13,0,13,0.17171548203620443,0.0
19,Sclerocarya birrea,2025-02-05T11:22:33.081966,0.10979977516024433,7,0.0,"[{""claim"": ""Here is a comprehensive summary of the search results, grouped by themes:\n\n**Nutrition and Food**\n\n*"", ""score"": 0.04183711217318288, ""best_source"": ""https://www.frontiersin.org/journals/chemistry/articles/10.3389/fchem.2021.670530/full""}, {""claim"": ""\""Preliminary nutritional analysis of marula (Sclerocarya birrea) fruits from two Kenyan provenances\"" (May 22, 2024) - [https://www.cifor-icraf.org/knowledge/publication/26059/](https://www.cifor-icraf.org/knowledge/publication/26059/)\n*"", ""score"": 0.21601628312316828, ""best_source"": ""https://www.cifor-icraf.org/knowledge/publication/26059/""}, {""claim"": ""\""The future of African wild fruits \u2013 a drive towards responsible production and consumption of the marula fruit\"" (Jun 25, 2024) -"", ""score"": 0.24533587685640235, ""best_source"": ""https://www.frontiersin.org/journals/sustainable-food-systems/articles/10.3389/fsufs.2023.1294437/full""}, {""claim"": ""\""Meet the wonder oil for your skin and hair\"" (3 weeks ago) - [https://www.goodhousekeeping.com/uk/beauty/skincare/a33793243/marula-oil/](https://www.goodhousekeeping.com/uk/beauty/skincare/a33793243/marula-oil/)\n*"", ""score"": 0.3176312582747396, ""best_source"": ""https://www.goodhousekeeping.com/uk/beauty/skincare/a33793243/marula-oil/""}, {""claim"": ""\""Marula oil: Benefits, side effects, and how to use it\"" (Apr 11, 2022) - [https://www.medicalnewstoday.com/articles/marula-oil](https://www.medicalnewstoday.com/articles/marula-oil)\n*"", ""score"": 0.3937752831333521, ""best_source"": ""https://www.medicalnewstoday.com/articles/marula-oil""}, {""claim"": ""\""Safety and efficacy of Sclerocarya birrea (A.Rich.)"", ""score"": 0.03495359041561809, ""best_source"": ""https://www.goodhousekeeping.com/uk/beauty/skincare/a33793243/marula-oil/""}, {""claim"": ""Hochst (Marula) oil: A clinical perspective\"" (Dec 24, 2015) - [https://www.sciencedirect.com/science/article/abs/pii/S0378874115301963](https://www.sciencedirect.com/science/article/abs/pii/S0378874115301963)\n*"", ""score"": 0.12240868623848378, ""best_source"": ""https://www.medicalnewstoday.com/articles/marula-oil""}, {""claim"": ""\""Marula oil\"" (Aug 2, 2023) -"", ""score"": 0.410686851027526, ""best_source"": ""https://www.medicalnewstoday.com/articles/marula-oil""}, {""claim"": ""\""Determination of Phenolics and Flavonoids of Some Useful Medicinal Plants and Bioassay-Guided Fractionation Substances of Sclerocarya birrea (A. Rich) Hochst Stem (Bark) Extract and Their Efficacy Against Salmonella typhi\"" (Jun 26, 2024) -"", ""score"": 0.021978836332802718, ""best_source"": ""https://www.goodhousekeeping.com/uk/beauty/skincare/a33793243/marula-oil/""}, {""claim"": ""\""Ecology and biology of Uapaca kirkiana, Strychnos cocculoides and Sclerocarya birrea in Southern Africa\"" (Aug 31, 2024) -"", ""score"": 0.03843043009017283, ""best_source"": ""https://www.givaudan.com/fragrance-beauty/active-beauty/products/marula-oil""}, {""claim"": ""\""Severe simulated herbivory constrains Sclerocarya birrea saplings regardless of resource availability\"" (Dec 2, 2020) - [https://onlinelibrary.wiley.com/doi/abs/10.1111/aec.12983](https://onlinelibrary.wiley.com/doi/abs/10.1111/aec.12983)\n\n**General Interest**\n\n*"", ""score"": 0.015818582408566276, ""best_source"": ""https://www.frontiersin.org/journals/chemistry/articles/10.3389/fchem.2021.670530/full""}, {""claim"": ""\""Mangarri Man: the mighty marula tree could flourish in Australia's top end\"" (Aug 8, 2024) -"", ""score"": 0.08956047946001872, ""best_source"": ""https://www.medicalnewstoday.com/articles/marula-oil""}, {""claim"": ""[https://nit.com.au/08-08-2024/12979/mangarri-man-the-mighty-marula-tree-could-flourish-in-australias-top-end](https://nit.com.au/08-08-2024/12979/mangarri-man-the-mighty-marula-marula-tree-could-flourish-in-australias-top-end)\n\nLet me know if you'd like me to reorganize the summary in any other way!"", ""score"": 0.09070541201336103, ""best_source"": ""https://www.frontiersin.org/journals/sustainable-food-systems/articles/10.3389/fsufs.2023.1294437/full""}]",13,0,13,0.1568568216574919,0.0
20,sea cucumber,2025-02-05T11:24:03.978892,0.16002229259844264,8,0.0,"[{""claim"": ""Here is a comprehensive summary of the search results grouped by themes:\n\n**New Species and Discovery**\n\n*"", ""score"": 0.05336276565631231, ""best_source"": ""https://biologicaldiversity.org/w/news/press-releases/petition-urges-mexico-to-protect-chocolate-chip-sea-cucumber-2024-12-11/""}, {""claim"": ""\""\u2018Long\u2019 purple sea creature \u2014 with 24 \u2018feet\u2019 \u2014 pulled from depths."", ""score"": 0.13172250644031383, ""best_source"": ""https://fernandinaobserver.com/stories/pats-wildways-sea-cucumbers,31884""}, {""claim"": ""It\u2019s a new species\"" (4 days ago)"", ""score"": 0.08702807268920965, ""best_source"": ""https://biologicaldiversity.org/w/news/press-releases/petition-urges-mexico-to-protect-chocolate-chip-sea-cucumber-2024-12-11/""}, {""claim"": ""[https://www.miamiherald.com/news/nation-world/world/article299498464.html]\n\nThis article reports on the discovery of a new species of sea creature, which is described as having 24 \""feet\"" and being pulled from the depths of the ocean."", ""score"": 0.10951814569784386, ""best_source"": ""https://news.cornell.edu/stories/2024/06/endangered-sea-cucumbers-sale-nyc-food-markets""}, {""claim"": ""\""North Korea reopens to tourists after 5 years\"" (20 hours ago)"", ""score"": 0.22718509643216814, ""best_source"": ""https://www.nbcnews.com/news/world/north-korea-tourists-kim-jong-il-birthday-first-time-covid-pandemic-rcna190554""}, {""claim"": ""North Korea opens sea cucumber farm to tourists\"" (1 day ago)"", ""score"": 0.22903243084405434, ""best_source"": ""https://www.nbcnews.com/news/world/north-korea-tourists-kim-jong-il-birthday-first-time-covid-pandemic-rcna190554""}, {""claim"": ""[https://www.thetimes.com/world/asia/article/wish-you-were-here-north-korea-opens-sea-cucumber-farm-to-tourists-lhwcfwhpc]\n\nThese two articles report on North Korea's reopening to tourists after 5 years and the opening of a sea cucumber farm to tourists, respectively."", ""score"": 0.25697594149161446, ""best_source"": ""https://www.thetimes.com/world/asia/article/wish-you-were-here-north-korea-opens-sea-cucumber-farm-to-tourists-lhwcfwhpc""}, {""claim"": ""\""Sea cucumbers and their symbiotic microbiome have evolved to feed on seabed sediments\"" (Oct 12, 2024)"", ""score"": 0.1974164355098394, ""best_source"": ""https://fernandinaobserver.com/stories/pats-wildways-sea-cucumbers,31884""}, {""claim"": ""\""Petition Urges Mexico to Protect Chocolate Chip Sea Cucumber\"" (Dec 11, 2024)"", ""score"": 0.4321533679889015, ""best_source"": ""https://biologicaldiversity.org/w/news/press-releases/petition-urges-mexico-to-protect-chocolate-chip-sea-cucumber-2024-12-11/""}, {""claim"": ""\""Endangered sea cucumbers for sale in NYC food markets\"" (Jun 14, 2024)"", ""score"": 0.32699763692393957, ""best_source"": ""https://news.cornell.edu/stories/2024/06/endangered-sea-cucumbers-sale-nyc-food-markets""}, {""claim"": ""[https://news.cornell.edu/stories/2024/06/endangered-sea-cucumbers-sale-nyc-food-markets]\n\nThese articles discuss various aspects of sea cucumbers and their environment, including their evolution, conservation, and sale in food markets."", ""score"": 0.3548160861574955, ""best_source"": ""https://news.cornell.edu/stories/2024/06/endangered-sea-cucumbers-sale-nyc-food-markets""}, {""claim"": ""\""Pat\u2019s Wildways: Sea Cucumbers\"" (Sep 13, 2024)"", ""score"": 0.40311868059274286, ""best_source"": ""https://fernandinaobserver.com/stories/pats-wildways-sea-cucumbers,31884""}, {""claim"": ""[https://fernandinaobserver.com/stories/pats-wildways-sea-cucumbers,31884]\n* \""11 disgusting animals that cause our stomachs to churn and us to go 'eew'\"" (2 days ago)"", ""score"": 0.1842557079792537, ""best_source"": ""https://fernandinaobserver.com/stories/pats-wildways-sea-cucumbers,31884""}, {""claim"": ""[https://www.discoverwildlife.com/animal-facts/disgusting-animals]\n* \""Appetite for Sea Cucumbers Connects Far East With the Caribbean\"" (1 month ago)"", ""score"": 0.16745620264654437, ""best_source"": ""https://fernandinaobserver.com/stories/pats-wildways-sea-cucumbers,31884""}, {""claim"": ""[https://pulitzercenter.org/stories/appetite-sea-cucumbers-connects-far-east-caribbean]\n\nThese articles provide general information about sea cucumbers, including a personal account, a list of \""disgusting\"" animals, and an article about the connection between the Far East and the Caribbean through sea cucumbers."", ""score"": 0.2979864747513883, ""best_source"": ""https://fernandinaobserver.com/stories/pats-wildways-sea-cucumbers,31884""}, {""claim"": ""\""CBP Finds Sea Cucumber Smuggled in the U.S.\"" (Aug 26, 2024)"", ""score"": 0.19336175922107884, ""best_source"": ""https://www.cbp.gov/newsroom/local-media-release/cbp-finds-sea-cucumber-smuggled-us""}, {""claim"": ""[https://www.cbp.gov/newsroom/local-media-release/cbp-finds-sea-cucumber-smuggled-us]\n\nThis article reports on the discovery of smuggled sea cucumbers in the United States by customs officials."", ""score"": 0.23386836636804886, ""best_source"": ""https://www.cbp.gov/newsroom/local-media-release/cbp-finds-sea-cucumber-smuggled-us""}]",17,0,17,0.22860327514063233,0.0
21,sea cucumber,2025-02-05T11:24:51.367661,0.22454317914724037,8,0.1,"[{""claim"": ""Here is a comprehensive summary of the search results grouped by themes related to \""sea cucumber\"":\n\n**Travel and Tourism**\n\n*"", ""score"": 0.14609210365464242, ""best_source"": ""https://fernandinaobserver.com/stories/pats-wildways-sea-cucumbers,31884""}, {""claim"": ""**North Korea reopens to tourists after 5 years**"", ""score"": 0.3112740892239576, ""best_source"": ""https://www.nbcnews.com/news/world/north-korea-tourists-kim-jong-il-birthday-first-time-covid-pandemic-rcna190554""}, {""claim"": ""North Korea opens sea cucumber farm to tourists** (1 day ago) - [https://www.thetimes.com/world/asia/article/wish-you-were-here-north-korea-opens-sea-cucumber-farm-to-tutorial-lhwcfwhpc](https://www.thetimes.com/world/asia/article/wish-you-were-here-north-korea-opens-sea-cucumber-farm-to-tutorial-lhwcfwhpc)\n\n**Science and Research**\n\n*"", ""score"": 0.22609271117188262, ""best_source"": ""https://www.thetimes.com/world/asia/article/wish-you-were-here-north-korea-opens-sea-cucumber-farm-to-tourists-lhwcfwhpc""}, {""claim"": ""**Sea cucumbers and their symbiotic microbiome have evolved to feed on seabed sediments** (Oct 12, 2024) -"", ""score"": 0.1974164355098394, ""best_source"": ""https://fernandinaobserver.com/stories/pats-wildways-sea-cucumbers,31884""}, {""claim"": ""* **Microplastics occurrence in sea cucumbers and impacts on sea cucumbers & human health: A systematic review** (Nov 15, 2024) -"", ""score"": 0.3269134135379386, ""best_source"": ""https://fernandinaobserver.com/stories/pats-wildways-sea-cucumbers,31884""}, {""claim"": ""* **Petition Urges Mexico to Protect Chocolate Chip Sea Cucumber**"", ""score"": 0.5094957363992535, ""best_source"": ""https://biologicaldiversity.org/w/news/press-releases/petition-urges-mexico-to-protect-chocolate-chip-sea-cucumber-2024-12-11/""}, {""claim"": ""* **Endangered sea cucumbers for sale in NYC food markets** (Jun 14, 2024) -"", ""score"": 0.32699763692393957, ""best_source"": ""https://news.cornell.edu/stories/2024/06/endangered-sea-cucumbers-sale-nyc-food-markets""}, {""claim"": ""**Pat's Wildways: Sea Cucumbers** (Sep 13, 2024) -"", ""score"": 0.40311868059274286, ""best_source"": ""https://fernandinaobserver.com/stories/pats-wildways-sea-cucumbers,31884""}, {""claim"": ""* **11 disgusting animals that cause our stomachs to churn and us to go 'eew'** (2 days ago) - [https://www.discoverwildlife.com/animal-facts/disgusting-animals](https://www.discoverwildlife.com/animal-facts/disgusting-animals)\n* **Appetite for Sea Cucumbers Connects Far East With the Caribbean** (1 month ago) -"", ""score"": 0.10101134208722669, ""best_source"": ""https://www.discoverwildlife.com/animal-facts/disgusting-animals""}, {""claim"": ""**CBP Finds Sea Cucumber Smuggled in the U.S.**"", ""score"": 0.23077612443058157, ""best_source"": ""https://fernandinaobserver.com/stories/pats-wildways-sea-cucumbers,31884""}]",10,1,9,0.2779188273532005,0.1
22,sea cucumber,2025-02-05T11:26:06.313298,0.17550245259291397,9,0.0,"[{""claim"": ""Here is a comprehensive summary of the search results grouped by themes related to \""sea cucumber\"":\n\n**Tourism and Travel**\n\n*"", ""score"": 0.14609210365464242, ""best_source"": ""https://fernandinaobserver.com/stories/pats-wildways-sea-cucumbers,31884""}, {""claim"": ""North Korea reopens to tourists after 5 years, including visits to a sea cucumber farm (20 hours ago)"", ""score"": 0.21606837822671543, ""best_source"": ""https://www.nbcnews.com/news/world/north-korea-tourists-kim-jong-il-birthday-first-time-covid-pandemic-rcna190554""}, {""claim"": ""North Korea opens sea cucumber farm to tourists (1 day ago)"", ""score"": 0.22903243084405434, ""best_source"": ""https://www.nbcnews.com/news/world/north-korea-tourists-kim-jong-il-birthday-first-time-covid-pandemic-rcna190554""}, {""claim"": ""Sea cucumbers and their symbiotic microbiome have evolved to feed on seabed sediments (Oct 12, 2024)"", ""score"": 0.1974164355098394, ""best_source"": ""https://fernandinaobserver.com/stories/pats-wildways-sea-cucumbers,31884""}, {""claim"": ""Pat's Wildways: Sea Cucumbers (Sep 13, 2024)"", ""score"": 0.40311868059274286, ""best_source"": ""https://fernandinaobserver.com/stories/pats-wildways-sea-cucumbers,31884""}, {""claim"": ""Petition Urges Mexico to Protect Chocolate Chip Sea Cucumber (Dec 11, 2024)"", ""score"": 0.4321533679889015, ""best_source"": ""https://biologicaldiversity.org/w/news/press-releases/petition-urges-mexico-to-protect-chocolate-chip-sea-cucumber-2024-12-11/""}, {""claim"": ""Endangered sea cucumbers for sale in NYC food markets (Jun 14, 2024)"", ""score"": 0.32699763692393957, ""best_source"": ""https://news.cornell.edu/stories/2024/06/endangered-sea-cucumbers-sale-nyc-food-markets""}, {""claim"": ""CBP Finds Sea Cucumber Smuggled in the U.S. (Aug 26, 2024)"", ""score"": 0.19336175922107884, ""best_source"": ""https://www.cbp.gov/newsroom/local-media-release/cbp-finds-sea-cucumber-smuggled-us""}, {""claim"": ""Appetite for Sea Cucumbers Connects Far East With the Caribbean (1 month ago)"", ""score"": 0.22212659224380737, ""best_source"": ""https://fernandinaobserver.com/stories/pats-wildways-sea-cucumbers,31884""}, {""claim"": ""Illegal fisheries highlight potential for sea cucumber farming (3 weeks ago)"", ""score"": 0.285032444467058, ""best_source"": ""https://thefishsite.com/articles/illegal-fisheries-highlight-potential-for-sea-cucumber-farming""}, {""claim"": ""[https://thefishsite.com/articles/illegal-fisheries-highlight-potential-for-sea-cucumber-farming]\n\n**Miscellaneous**\n\n* 11 disgusting animals that cause our stomachs to churn and us to go 'eew' (2 days ago)"", ""score"": 0.16022628751356302, ""best_source"": ""https://thefishsite.com/articles/illegal-fisheries-highlight-potential-for-sea-cucumber-farming""}, {""claim"": ""[https://www.discoverwildlife.com/animal-facts/disgusting-animals] (includes sea cucumbers in the list)"", ""score"": 0.19698735583503918, ""best_source"": ""https://fernandinaobserver.com/stories/pats-wildways-sea-cucumbers,31884""}]",12,0,12,0.2507177894184485,0.0
23,sea cucumber,2025-02-05T16:05:19.688551,0.19635376174397856,8,0.05263157894736842,"[{""claim"": ""Here is a comprehensive summary of the search results grouped by themes:\n\n**New Species and Research**\n\n*"", ""score"": 0.05867958243376785, ""best_source"": ""https://news.cornell.edu/stories/2024/06/endangered-sea-cucumbers-sale-nyc-food-markets""}, {""claim"": ""A new species of sea cucumber was found with 24 \""feet\"" in the depths of the ocean."", ""score"": 0.24570627242437273, ""best_source"": ""https://biologicaldiversity.org/w/news/press-releases/petition-urges-mexico-to-protect-chocolate-chip-sea-cucumber-2024-12-11/""}, {""claim"": ""Research reveals that sea cucumbers and their symbiotic microbiome have evolved to feed on seabed sediments."", ""score"": 0.19801455203116575, ""best_source"": ""https://fernandinaobserver.com/stories/pats-wildways-sea-cucumbers,31884""}, {""claim"": ""[https://www.nature.com/articles/s41467-024-53205-5, Oct 12, 2024]\n\n**Conservation and Protection**\n\n*"", ""score"": 0.026341650265777238, ""best_source"": ""https://www.cbp.gov/newsroom/local-media-release/cbp-finds-sea-cucumber-smuggled-us""}, {""claim"": ""**Petition to Protect Chocolate Chip Sea Cucumber**:"", ""score"": 0.4684326851719095, ""best_source"": ""https://biologicaldiversity.org/w/news/press-releases/petition-urges-mexico-to-protect-chocolate-chip-sea-cucumber-2024-12-11/""}, {""claim"": ""A petition urges Mexico to protect the Chocolate Chip Sea Cucumber."", ""score"": 0.5094957363992535, ""best_source"": ""https://biologicaldiversity.org/w/news/press-releases/petition-urges-mexico-to-protect-chocolate-chip-sea-cucumber-2024-12-11/""}, {""claim"": ""[https://biologicaldiversity.org/w/news/press-releases/petition-urges-mexico-to-protect-chocolate-chip-sea-cucumber-2024-12-11/, Dec 11, 2024]\n* **Endangered Sea Cucumbers for Sale in NYC**:"", ""score"": 0.3410609836997722, ""best_source"": ""https://biologicaldiversity.org/w/news/press-releases/petition-urges-mexico-to-protect-chocolate-chip-sea-cucumber-2024-12-11/""}, {""claim"": ""Endangered sea cucumbers were found for sale in NYC food markets, highlighting the need for conservation efforts."", ""score"": 0.3211595205840021, ""best_source"": ""https://news.cornell.edu/stories/2024/06/endangered-sea-cucumbers-sale-nyc-food-markets""}, {""claim"": ""[https://news.cornell.edu/stories/2024/06/endangered-sea-cucumbers-sale-nyc-food-markets, Jun 14, 2024]\n\n**Trade and Smuggling**\n\n* **CBP Finds Sea Cucumber Smuggled in the U.S.**: U.S. Customs and Border Protection seized smuggled sea cucumbers at a U.S. port."", ""score"": 0.3315537392237387, ""best_source"": ""https://news.cornell.edu/stories/2024/06/endangered-sea-cucumbers-sale-nyc-food-markets""}, {""claim"": ""[https://www.cbp.gov/newsroom/local-media-release/cbp-finds-sea-cucumber-smuggled-us, Aug 26, 2024]\n* **Appetite for Sea Cucumbers Connects Far East With the Caribbean**:"", ""score"": 0.22771099213797527, ""best_source"": ""https://www.cbp.gov/newsroom/local-media-release/cbp-finds-sea-cucumber-smuggled-us""}, {""claim"": ""The high demand for sea cucumbers drives illegal trade, connecting the Far East with the Caribbean."", ""score"": 0.1878661143450785, ""best_source"": ""https://fernandinaobserver.com/stories/pats-wildways-sea-cucumbers,31884""}, {""claim"": ""[https://pulitzercenter.org/stories/appetite-sea-cucumbers-connects-far-east-caribbean, 1 month ago]\n\n**Tourism and Industry**\n\n* **North Korea Opens Sea Cucumber Farm to Tourists**:"", ""score"": 0.24238174260515494, ""best_source"": ""https://fernandinaobserver.com/stories/pats-wildways-sea-cucumbers,31884""}, {""claim"": ""North Korea has opened a sea cucumber farm to tourists, marking a rare opportunity for visitors."", ""score"": 0.20729064360469604, ""best_source"": ""https://www.nbcnews.com/news/world/north-korea-tourists-kim-jong-il-birthday-first-time-covid-pandemic-rcna190554""}, {""claim"": ""After 5 years, North Korea has reopened its borders to tourists, including visits to the sea cucumber farm."", ""score"": 0.25526300139363817, ""best_source"": ""https://www.nbcnews.com/news/world/north-korea-tourists-kim-jong-il-birthday-first-time-covid-pandemic-rcna190554""}, {""claim"": ""[https://www.nbcnews.com/news/world/north-korea-tourists-kim-jong-il-birthday-first-time-covid-pandemic-rcna190554, 1 day ago]\n* **Illegal Fisheries Highlight Potential for Sea Cucumber Farming**:"", ""score"": 0.25784594523838533, ""best_source"": ""https://www.nbcnews.com/news/world/north-korea-tourists-kim-jong-il-birthday-first-time-covid-pandemic-rcna190554""}, {""claim"": ""The illegal trade of sea cucumbers highlights the potential for sustainable sea cucumber farming."", ""score"": 0.3604929226779861, ""best_source"": ""https://fernandinaobserver.com/stories/pats-wildways-sea-cucumbers,31884""}, {""claim"": ""[https://thefishsite.com/articles/illegal-fisheries-highlight-potential-for-sea-cucumber-farming, 3 weeks ago]\n\n**Other**\n\n*"", ""score"": 0.21723805002275468, ""best_source"": ""https://thefishsite.com/articles/illegal-fisheries-highlight-potential-for-sea-cucumber-farming""}, {""claim"": ""A blog post about sea cucumbers, providing information on their habitat and behavior."", ""score"": 0.23855652150916945, ""best_source"": ""https://fernandinaobserver.com/stories/pats-wildways-sea-cucumbers,31884""}, {""claim"": ""[https://fernandinaobserver.com/stories/pats-wildways-sea-cucumbers,31884, Sep 13, 2024]\n\nI hope this summary helps!"", ""score"": 0.20594002013939114, ""best_source"": ""https://fernandinaobserver.com/stories/pats-wildways-sea-cucumbers,31884""}]",19,1,18,0.2579489829425258,0.05263157894736842
24,tell me somthing about the data,2025-02-05T17:02:40.246496,0.1417462858084333,10,0.0,"[{""claim"": ""Here is a summary of the search results grouped by themes related to \""tell me something about the data\"":\n\n**Outdoor Recreation and Data**\n\n*"", ""score"": 0.20589421493246268, ""best_source"": ""https://www.resources.org/resources-radio/what-can-cell-phone-data-tell-us-about-outdoor-recreation-with-daniel-phaneuf/""}, {""claim"": ""\""What Can Cell Phone Data Tell Us about Outdoor Recreation?\"" with Daniel Phaneuf (Jun 25, 2024)"", ""score"": 0.2312464982155299, ""best_source"": ""https://www.resources.org/resources-radio/what-can-cell-phone-data-tell-us-about-outdoor-recreation-with-daniel-phaneuf/""}, {""claim"": ""\""What the early voting data can and can\u2019t tell us about Election Day\"" (Oct 17, 2024)"", ""score"": 0.2870178024088998, ""best_source"": ""https://www.pbs.org/newshour/show/what-early-voting-data-signals-about-this-years-election""}, {""claim"": ""\""What early voting data signals about this year\u2019s election\"" (Nov 1, 2024)"", ""score"": 0.28399086676909546, ""best_source"": ""https://www.pbs.org/newshour/show/what-early-voting-data-signals-about-this-years-election""}, {""claim"": ""[https://www.pbs.org/newshour/show/what-early-voting-data-signals-about-this-years-election]\n\n**Data Science and Job Applications**\n\n*"", ""score"": 0.20985012985443594, ""best_source"": ""https://www.pbs.org/newshour/show/what-early-voting-data-signals-about-this-years-election""}, {""claim"": ""\""What no one will tell you about data science job applications\"" (Feb 10, 2019)"", ""score"": 0.2456959378063597, ""best_source"": ""https://towardsdatascience.com/what-no-one-will-tell-you-about-data-science-job-applications-bff2d4b5e983""}, {""claim"": ""What to Know About Data Annotation Work\"" (Apr 2, 2024)"", ""score"": 0.2947162915741522, ""best_source"": ""https://time.com/6962608/data-annotation-legit-tech-jobs-ai/""}, {""claim"": ""\""Why Data Analytics Can't Tell You Everything\"" (Feb 6, 2023)"", ""score"": 0.12642324992204904, ""best_source"": ""https://time.com/6962608/data-annotation-legit-tech-jobs-ai/""}, {""claim"": ""\""What do the new data tell us?\"""", ""score"": 0.22328653037796695, ""best_source"": ""https://www.resources.org/resources-radio/what-can-cell-phone-data-tell-us-about-outdoor-recreation-with-daniel-phaneuf/""}, {""claim"": ""[https://cepr.org/voxeu/columns/what-do-new-data-tell-us]\n\n**Data Privacy and Regulation**\n\n*"", ""score"": 0.17027706673347265, ""best_source"": ""https://www.resources.org/resources-radio/what-can-cell-phone-data-tell-us-about-outdoor-recreation-with-daniel-phaneuf/""}, {""claim"": ""\""State Data Privacy Regulators Are Coming."", ""score"": 0.14535749757242358, ""best_source"": ""https://www.nytimes.com/2024/04/12/podcasts/ai-training-data-privacy-tiktok.html""}, {""claim"": ""What Story Will You Tell Them?\"""", ""score"": 0.04119145685420772, ""best_source"": ""https://www.nytimes.com/2024/04/12/podcasts/ai-training-data-privacy-tiktok.html""}, {""claim"": ""A.I.\u2019s Data Wall, a Surprise Privacy Bill, and What Happened to the TikTok Ban?\"" (Apr 12, 2024)"", ""score"": 0.1666641574881623, ""best_source"": ""https://www.nytimes.com/2024/04/12/podcasts/ai-training-data-privacy-tiktok.html""}, {""claim"": ""\""What Do the Early Medicaid Unwinding Data Tell Us?\"""", ""score"": 0.2891610841476618, ""best_source"": ""https://www.kff.org/policy-watch/what-do-the-early-medicaid-unwinding-data-tell-us/""}, {""claim"": ""[https://www.kff.org/policy-watch/what-do-the-early-medicaid-unwinding-data-tell-us/]\n\nNote: The dates mentioned are the publication dates of the articles, not the date of the search results."", ""score"": 0.11664762552383393, ""best_source"": ""https://www.kff.org/policy-watch/what-do-the-early-medicaid-unwinding-data-tell-us/""}]",15,0,15,0.20249469401204756,0.0
25,what is data?,2025-02-05T17:09:48.215041,0.19779554312752634,9,0.0,"[{""claim"": ""Since the search query is \""what is data?\"", I'll group the results into themes that indirectly answer this question by showcasing different aspects of data."", ""score"": 0.26199258099118394, ""best_source"": ""https://www.prnewswire.com/news-releases/immutas-2025-state-of-data-security-report-highlights-the-consequences-of-a-broken-data-provisioning-system-302368778.html""}, {""claim"": ""Here's a summary of the search results:"", ""score"": 0.02922127138030569, ""best_source"": ""https://healthjournalism.org/blog/2025/02/trumps-data-purge-what-to-know-about-federal-infectious-disease-sites/""}, {""claim"": ""**Theme 1: Data Security and Privacy**\n\n*"", ""score"": 0.3774916643033574, ""best_source"": ""https://www.prnewswire.com/news-releases/immutas-2025-state-of-data-security-report-highlights-the-consequences-of-a-broken-data-provisioning-system-302368778.html""}, {""claim"": ""**DeepSeek coding has the capability to transfer users' data directly to the Chinese government**"", ""score"": 0.3680049914637754, ""best_source"": ""https://abcnews.go.com/US/deepseek-coding-capability-transfer-users-data-directly-chinese/story?id=118465451""}, {""claim"": ""(4 hours ago) - [https://abcnews.go.com/US/deepseek-coding-capability-transfer-users-data-directly-chinese/story?id=118465451](https://abcnews.go.com/US/deepseek-coding-capability-transfer-users-data-directly-chinese/story?id=118465451)\n*"", ""score"": 0.2210011711234043, ""best_source"": ""https://abcnews.go.com/US/deepseek-coding-capability-transfer-users-data-directly-chinese/story?id=118465451""}, {""claim"": ""**Immuta's 2025 State of Data Security Report Highlights the Consequences of a Broken Data Provisioning System** (3 hours ago) -"", ""score"": 0.48563302170499956, ""best_source"": ""https://www.prnewswire.com/news-releases/immutas-2025-state-of-data-security-report-highlights-the-consequences-of-a-broken-data-provisioning-system-302368778.html""}, {""claim"": ""* **Trump\u2019s data purge: What to know about federal infectious disease sites** (2 hours ago) - [https://healthjournalism.org/blog/2025/02/trumps-data-purge-what-to-know-about-federal-infectious-disease-sites/](https://healthjournalism.org/blog/2025/02/trumps-data-purge-what-to-know-about-federal-infectious-disease-sites/)"", ""score"": 0.16675717567213025, ""best_source"": ""https://www.prnewswire.com/news-releases/immutas-2025-state-of-data-security-report-highlights-the-consequences-of-a-broken-data-provisioning-system-302368778.html""}, {""claim"": ""These articles highlight the importance of data security and privacy, implying that data is a valuable asset that needs to be protected."", ""score"": 0.32929500732164724, ""best_source"": ""https://www.prnewswire.com/news-releases/immutas-2025-state-of-data-security-report-highlights-the-consequences-of-a-broken-data-provisioning-system-302368778.html""}, {""claim"": ""**Theme 2: Data in Various Industries**\n\n*"", ""score"": 0.26199258099118394, ""best_source"": ""https://www.prnewswire.com/news-releases/immutas-2025-state-of-data-security-report-highlights-the-consequences-of-a-broken-data-provisioning-system-302368778.html""}, {""claim"": ""**Debjani Sihi Joins NC State to Advance Agriculture with AI and Big Data** (1 hour ago) -"", ""score"": 0.29933400538919175, ""best_source"": ""https://cals.ncsu.edu/crop-and-soil-sciences/news/debjani-sihi-joins-nc-state-to-advance-agriculture-with-ai-and-big-data/""}, {""claim"": ""**A Look at Federal Health Data Taken Offline** (2 days ago) - [https://www.kff.org/policy-watch/a-look-at-federal-health-data-taken-offline/](https://www.kff.org/policy-watch/a-look-at-federal-health-data-taken-offline/)\n*"", ""score"": 0.33814838912189044, ""best_source"": ""https://www.kff.org/policy-watch/a-look-at-federal-health-data-taken-offline/""}, {""claim"": ""**Which Kansas, Missouri grocery prices have risen the most in 5 years?"", ""score"": 0.01589355434679759, ""best_source"": ""https://www.kff.org/policy-watch/a-look-at-federal-health-data-taken-offline/""}, {""claim"": ""See the data** (6 hours ago) - [https://www.kansascity.com/news/business/article299735309.html](https://www.kansascity.com/news/business/article299735309.html)\n\nThese articles demonstrate how data is used in various industries, such as agriculture, healthcare, and retail, to drive decision-making and improvement."", ""score"": 0.19095731281258663, ""best_source"": ""https://www.prnewswire.com/news-releases/immutas-2025-state-of-data-security-report-highlights-the-consequences-of-a-broken-data-provisioning-system-302368778.html""}, {""claim"": ""**Theme 3: Data Literacy and Analysis**\n\n*"", ""score"": 0.43910936541012935, ""best_source"": ""https://martech.org/data-literacy-for-marketers-what-you-need-to-know/""}, {""claim"": ""**Data literacy for marketers: What you need to know** (5 days ago) - [https://martech.org/data-literacy-for-marketers-what-you-need-to-know/](https://martech.org/data-literacy-for-marketers-what-you-need-to-know/)\n*"", ""score"": 0.4603731337521233, ""best_source"": ""https://martech.org/data-literacy-for-marketers-what-you-need-to-know/""}, {""claim"": ""**Ideas for more inclusive data collection/analysis (opinion)** (1 day ago) - [https://www.insidehighered.com/opinion/career-advice/2025/02/04/ideas-more-inclusive-data-collectionanalysis-opinion](https://www.insidehighered.com/opinion/career-advice/2025/02/04/ideas-more-inclusive-data-collectionanalysis-opinion)"", ""score"": 0.17046695630385755, ""best_source"": ""https://www.prnewswire.com/news-releases/immutas-2025-state-of-data-security-report-highlights-the-consequences-of-a-broken-data-provisioning-system-302368778.html""}, {""claim"": ""These articles emphasize the importance of data literacy and analysis in making informed decisions and driving business outcomes."", ""score"": 0.27477647702375785, ""best_source"": ""https://martech.org/data-literacy-for-marketers-what-you-need-to-know/""}, {""claim"": ""**Theme 4: Data Infrastructure and Storage**\n\n*"", ""score"": 0.2876282443999662, ""best_source"": ""https://www.prnewswire.com/news-releases/immutas-2025-state-of-data-security-report-highlights-the-consequences-of-a-broken-data-provisioning-system-302368778.html""}, {""claim"": ""**The top 10 countries in the world by data centers** (7 hours ago) -"", ""score"": 0.21618698993846028, ""best_source"": ""https://www.prnewswire.com/news-releases/immutas-2025-state-of-data-security-report-highlights-the-consequences-of-a-broken-data-provisioning-system-302368778.html""}, {""claim"": ""[https://qz.com/top-countries-most-data-centers-ai-cloud-google-meta-1851754386](https://qz.com/top-countries-most-data-centers-ai-cloud-google-meta-1851754386)\n\nThis article highlights the physical infrastructure required to store and process large amounts of data."", ""score"": 0.28260307035138604, ""best_source"": ""https://www.prnewswire.com/news-releases/immutas-2025-state-of-data-security-report-highlights-the-consequences-of-a-broken-data-provisioning-system-302368778.html""}, {""claim"": ""**Theme 5: Wearable Technology and Data**\n\n* **Communication professor publishes book on wearable technology and the complex ways data influences daily life** (20 hours ago) - [https://news.clemson.edu/communication-professor-publishes-book-on-wearable-technology-and-the-complex-ways-data-influences-daily-life/](https://news.clemson.edu/communication-professor-publishes-book-on-wearable-technology-and-the-complex-ways-data-influences-daily-life/)"", ""score"": 0.43113068411561534, ""best_source"": ""https://news.clemson.edu/communication-professor-publishes-book-on-wearable-technology-and-the-complex-ways-data-influences-daily-life/""}, {""claim"": ""This article explores the intersection of wearable technology and data, demonstrating how data is used to influence daily life."", ""score"": 0.3232341310114115, ""best_source"": ""https://www.prnewswire.com/news-releases/immutas-2025-state-of-data-security-report-highlights-the-consequences-of-a-broken-data-provisioning-system-302368778.html""}, {""claim"": ""While these search results don't directly answer the question \""what is data?\"", they provide a comprehensive overview of the various aspects of data, including security, industry applications, literacy, infrastructure, and wearable technology."", ""score"": 0.2677646381181322, ""best_source"": ""https://www.prnewswire.com/news-releases/immutas-2025-state-of-data-security-report-highlights-the-consequences-of-a-broken-data-provisioning-system-302368778.html""}]",23,0,23,0.2825650616107519,0.0
